Province_State,Country_Region,Lat,Long,Date,Population,Confirmed,Deaths,Combined_Key,ConfirmedNew,DeathsNew,ConfirmedNewMean,DeathsNewMean
Mississippi,US,32.9715645,-89.7348497,2020-01-22,283785111,1,0,"Mississippi, US",,,,
Mississippi,US,32.9715645,-89.7348497,2020-01-23,283785111,1,0,"Mississippi, US",0.0,0.0,,
Mississippi,US,32.9715645,-89.7348497,2020-01-24,283785111,2,0,"Mississippi, US",1.0,0.0,,
Mississippi,US,32.9715645,-89.7348497,2020-01-25,283785111,2,0,"Mississippi, US",0.0,0.0,,
Mississippi,US,32.9715645,-89.7348497,2020-01-26,283785111,3,0,"Mississippi, US",1.0,0.0,,
Mississippi,US,32.9715645,-89.7348497,2020-01-27,283785111,3,0,"Mississippi, US",0.0,0.0,,
Mississippi,US,32.9715645,-89.7348497,2020-01-28,283785111,3,0,"Mississippi, US",0.0,0.0,,
Mississippi,US,32.9715645,-89.7348497,2020-01-29,283785111,3,0,"Mississippi, US",0.0,0.0,0.2857142857142857,0.0
Mississippi,US,32.9715645,-89.7348497,2020-01-30,283785111,3,0,"Mississippi, US",0.0,0.0,0.2857142857142857,0.0
Mississippi,US,32.9715645,-89.7348497,2020-01-31,283785111,5,0,"Mississippi, US",2.0,0.0,0.42857142857142855,0.0
Mississippi,US,32.9715645,-89.7348497,2020-02-01,283785111,5,0,"Mississippi, US",0.0,0.0,0.42857142857142855,0.0
Mississippi,US,32.9715645,-89.7348497,2020-02-02,283785111,5,0,"Mississippi, US",0.0,0.0,0.2857142857142857,0.0
Mississippi,US,32.9715645,-89.7348497,2020-02-03,283785111,8,0,"Mississippi, US",3.0,0.0,0.7142857142857143,0.0
Mississippi,US,32.9715645,-89.7348497,2020-02-04,283785111,8,0,"Mississippi, US",0.0,0.0,0.7142857142857143,0.0
Mississippi,US,32.9715645,-89.7348497,2020-02-05,283785111,8,0,"Mississippi, US",0.0,0.0,0.7142857142857143,0.0
Mississippi,US,32.9715645,-89.7348497,2020-02-06,283785111,9,0,"Mississippi, US",1.0,0.0,0.8571428571428571,0.0
Mississippi,US,32.9715645,-89.7348497,2020-02-07,283785111,9,0,"Mississippi, US",0.0,0.0,0.5714285714285714,0.0
Mississippi,US,32.9715645,-89.7348497,2020-02-08,283785111,9,0,"Mississippi, US",0.0,0.0,0.5714285714285714,0.0
Mississippi,US,32.9715645,-89.7348497,2020-02-09,283785111,9,0,"Mississippi, US",0.0,0.0,0.5714285714285714,0.0
Mississippi,US,32.9715645,-89.7348497,2020-02-10,283785111,9,0,"Mississippi, US",0.0,0.0,0.14285714285714285,0.0
Mississippi,US,32.9715645,-89.7348497,2020-02-11,283785111,9,0,"Mississippi, US",0.0,0.0,0.14285714285714285,0.0
Mississippi,US,32.9715645,-89.7348497,2020-02-12,283785111,9,0,"Mississippi, US",0.0,0.0,0.14285714285714285,0.0
Mississippi,US,32.9715645,-89.7348497,2020-02-13,283785111,9,0,"Mississippi, US",0.0,0.0,0.0,0.0
Mississippi,US,32.9715645,-89.7348497,2020-02-14,283785111,9,0,"Mississippi, US",0.0,0.0,0.0,0.0
Mississippi,US,32.9715645,-89.7348497,2020-02-15,283785111,9,0,"Mississippi, US",0.0,0.0,0.0,0.0
Mississippi,US,32.9715645,-89.7348497,2020-02-16,283785111,9,0,"Mississippi, US",0.0,0.0,0.0,0.0
Mississippi,US,32.9715645,-89.7348497,2020-02-17,283785111,9,0,"Mississippi, US",0.0,0.0,0.0,0.0
Mississippi,US,32.9715645,-89.7348497,2020-02-18,283785111,9,0,"Mississippi, US",0.0,0.0,0.0,0.0
Mississippi,US,32.9715645,-89.7348497,2020-02-19,283785111,9,0,"Mississippi, US",0.0,0.0,0.0,0.0
Mississippi,US,32.9715645,-89.7348497,2020-02-20,283785111,9,0,"Mississippi, US",0.0,0.0,0.0,0.0
Mississippi,US,32.9715645,-89.7348497,2020-02-21,283785111,10,0,"Mississippi, US",1.0,0.0,0.14285714285714285,0.0
Mississippi,US,32.9715645,-89.7348497,2020-02-22,283785111,10,0,"Mississippi, US",0.0,0.0,0.14285714285714285,0.0
Mississippi,US,32.9715645,-89.7348497,2020-02-23,283785111,10,0,"Mississippi, US",0.0,0.0,0.14285714285714285,0.0
Mississippi,US,32.9715645,-89.7348497,2020-02-24,283785111,10,0,"Mississippi, US",0.0,0.0,0.14285714285714285,0.0
Mississippi,US,32.9715645,-89.7348497,2020-02-25,283785111,10,0,"Mississippi, US",0.0,0.0,0.14285714285714285,0.0
Mississippi,US,32.9715645,-89.7348497,2020-02-26,283785111,10,0,"Mississippi, US",0.0,0.0,0.14285714285714285,0.0
Mississippi,US,32.9715645,-89.7348497,2020-02-27,283785111,10,0,"Mississippi, US",0.0,0.0,0.14285714285714285,0.0
Mississippi,US,32.9715645,-89.7348497,2020-02-28,283785111,10,0,"Mississippi, US",0.0,0.0,0.0,0.0
Mississippi,US,32.9715645,-89.7348497,2020-02-29,283785111,18,1,"Mississippi, US",8.0,1.0,1.1428571428571428,0.14285714285714285
Mississippi,US,32.9715645,-89.7348497,2020-03-01,283785111,25,1,"Mississippi, US",7.0,0.0,2.142857142857143,0.14285714285714285
Mississippi,US,32.9715645,-89.7348497,2020-03-02,283785111,45,6,"Mississippi, US",20.0,5.0,5.0,0.8571428571428571
Mississippi,US,32.9715645,-89.7348497,2020-03-03,283785111,63,7,"Mississippi, US",18.0,1.0,7.571428571428571,1.0
Mississippi,US,32.9715645,-89.7348497,2020-03-04,283785111,87,10,"Mississippi, US",24.0,3.0,11.0,1.4285714285714286
Mississippi,US,32.9715645,-89.7348497,2020-03-05,283785111,155,11,"Mississippi, US",68.0,1.0,20.714285714285715,1.5714285714285714
Mississippi,US,32.9715645,-89.7348497,2020-03-06,283785111,194,13,"Mississippi, US",39.0,2.0,26.285714285714285,1.8571428571428572
Mississippi,US,32.9715645,-89.7348497,2020-03-07,283785111,338,16,"Mississippi, US",144.0,3.0,45.714285714285715,2.142857142857143
Mississippi,US,32.9715645,-89.7348497,2020-03-08,283785111,444,20,"Mississippi, US",106.0,4.0,59.857142857142854,2.7142857142857144
Mississippi,US,32.9715645,-89.7348497,2020-03-09,283785111,511,21,"Mississippi, US",67.0,1.0,66.57142857142857,2.142857142857143
Mississippi,US,32.9715645,-89.7348497,2020-03-10,283785111,673,27,"Mississippi, US",162.0,6.0,87.14285714285714,2.857142857142857
Mississippi,US,32.9715645,-89.7348497,2020-03-11,283785111,989,30,"Mississippi, US",316.0,3.0,128.85714285714286,2.857142857142857
Mississippi,US,32.9715645,-89.7348497,2020-03-12,283785111,1421,40,"Mississippi, US",432.0,10.0,180.85714285714286,4.142857142857143
Mississippi,US,32.9715645,-89.7348497,2020-03-13,283785111,2060,48,"Mississippi, US",639.0,8.0,266.57142857142856,5.0
Mississippi,US,32.9715645,-89.7348497,2020-03-14,283785111,2705,56,"Mississippi, US",645.0,8.0,338.14285714285717,5.714285714285714
Mississippi,US,32.9715645,-89.7348497,2020-03-15,283785111,2783,67,"Mississippi, US",78.0,11.0,334.14285714285717,6.714285714285714
Mississippi,US,32.9715645,-89.7348497,2020-03-16,283785111,4028,92,"Mississippi, US",1245.0,25.0,502.42857142857144,10.142857142857142
Mississippi,US,32.9715645,-89.7348497,2020-03-17,283785111,5621,124,"Mississippi, US",1593.0,32.0,706.8571428571429,13.857142857142858
Mississippi,US,32.9715645,-89.7348497,2020-03-18,283785111,7783,180,"Mississippi, US",2162.0,56.0,970.5714285714286,21.428571428571427
Mississippi,US,32.9715645,-89.7348497,2020-03-19,283785111,12224,260,"Mississippi, US",4441.0,80.0,1543.2857142857142,31.428571428571427
Mississippi,US,32.9715645,-89.7348497,2020-03-20,283785111,18090,351,"Mississippi, US",5866.0,91.0,2290.0,43.285714285714285
Mississippi,US,32.9715645,-89.7348497,2020-03-21,283785111,22833,435,"Mississippi, US",4743.0,84.0,2875.4285714285716,54.142857142857146
Mississippi,US,32.9715645,-89.7348497,2020-03-22,283785111,30450,544,"Mississippi, US",7617.0,109.0,3952.4285714285716,68.14285714285714
Mississippi,US,32.9715645,-89.7348497,2020-03-23,283785111,40762,726,"Mississippi, US",10312.0,182.0,5247.714285714285,90.57142857142857
Mississippi,US,32.9715645,-89.7348497,2020-03-24,283785111,50064,988,"Mississippi, US",9302.0,262.0,6349.0,123.42857142857143
Mississippi,US,32.9715645,-89.7348497,2020-03-25,283785111,60900,1297,"Mississippi, US",10836.0,309.0,7588.142857142857,159.57142857142858
Mississippi,US,32.9715645,-89.7348497,2020-03-26,283785111,78194,1722,"Mississippi, US",17294.0,425.0,9424.285714285714,208.85714285714286
Mississippi,US,32.9715645,-89.7348497,2020-03-27,283785111,94673,2220,"Mississippi, US",16479.0,498.0,10940.42857142857,267.0
Mississippi,US,32.9715645,-89.7348497,2020-03-28,283785111,112869,2806,"Mississippi, US",18196.0,586.0,12862.285714285714,338.7142857142857
Mississippi,US,32.9715645,-89.7348497,2020-03-29,283785111,130451,3336,"Mississippi, US",17582.0,530.0,14285.857142857143,398.85714285714283
Mississippi,US,32.9715645,-89.7348497,2020-03-30,283785111,151067,4033,"Mississippi, US",20616.0,697.0,15757.857142857143,472.42857142857144
Mississippi,US,32.9715645,-89.7348497,2020-03-31,283785111,173338,5273,"Mississippi, US",22271.0,1240.0,17610.571428571428,612.1428571428571
Mississippi,US,32.9715645,-89.7348497,2020-04-01,283785111,198173,6192,"Mississippi, US",24835.0,919.0,19610.428571428572,699.2857142857143
Mississippi,US,32.9715645,-89.7348497,2020-04-02,283785111,225607,7657,"Mississippi, US",27434.0,1465.0,21059.0,847.8571428571429
Mississippi,US,32.9715645,-89.7348497,2020-04-03,283785111,254230,9078,"Mississippi, US",28623.0,1421.0,22793.85714285714,979.7142857142857
Mississippi,US,32.9715645,-89.7348497,2020-04-04,283785111,282713,10632,"Mississippi, US",28483.0,1554.0,24263.428571428572,1118.0
Mississippi,US,32.9715645,-89.7348497,2020-04-05,283785111,307397,12198,"Mississippi, US",24684.0,1566.0,25278.0,1266.0
Mississippi,US,32.9715645,-89.7348497,2020-04-06,283785111,334728,14065,"Mississippi, US",27331.0,1867.0,26237.285714285714,1433.142857142857
Mississippi,US,32.9715645,-89.7348497,2020-04-07,283785111,362181,16731,"Mississippi, US",27453.0,2666.0,26977.571428571428,1636.857142857143
Mississippi,US,32.9715645,-89.7348497,2020-04-08,283785111,391031,18863,"Mississippi, US",28850.0,2132.0,27551.14285714286,1810.142857142857
Mississippi,US,32.9715645,-89.7348497,2020-04-09,283785111,421776,21169,"Mississippi, US",30745.0,2306.0,28024.14285714286,1930.2857142857142
Mississippi,US,32.9715645,-89.7348497,2020-04-10,283785111,451085,23503,"Mississippi, US",29309.0,2334.0,28122.14285714286,2060.714285714286
Mississippi,US,32.9715645,-89.7348497,2020-04-11,283785111,477843,25449,"Mississippi, US",26758.0,1946.0,27875.714285714286,2116.714285714286
Mississippi,US,32.9715645,-89.7348497,2020-04-12,283785111,501973,27225,"Mississippi, US",24130.0,1776.0,27796.571428571428,2146.714285714286
Mississippi,US,32.9715645,-89.7348497,2020-04-13,283785111,525456,29227,"Mississippi, US",23483.0,2002.0,27246.85714285714,2166.0
Mississippi,US,32.9715645,-89.7348497,2020-04-14,283785111,551854,31706,"Mississippi, US",26398.0,2479.0,27096.14285714286,2139.285714285714
Mississippi,US,32.9715645,-89.7348497,2020-04-15,283785111,575907,34048,"Mississippi, US",24053.0,2342.0,26410.85714285714,2169.285714285714
Mississippi,US,32.9715645,-89.7348497,2020-04-16,283785111,603253,36159,"Mississippi, US",27346.0,2111.0,25925.285714285714,2141.4285714285716
Mississippi,US,32.9715645,-89.7348497,2020-04-17,283785111,631769,38191,"Mississippi, US",28516.0,2032.0,25812.0,2098.285714285714
Mississippi,US,32.9715645,-89.7348497,2020-04-18,283785111,656842,40003,"Mississippi, US",25073.0,1812.0,25571.285714285714,2079.1428571428573
Mississippi,US,32.9715645,-89.7348497,2020-04-19,283785111,679739,41875,"Mississippi, US",22897.0,1872.0,25395.14285714286,2092.8571428571427
Mississippi,US,32.9715645,-89.7348497,2020-04-20,283785111,704073,44113,"Mississippi, US",24334.0,2238.0,25516.714285714286,2126.5714285714284
Mississippi,US,32.9715645,-89.7348497,2020-04-21,283785111,729356,46830,"Mississippi, US",25283.0,2717.0,25357.428571428572,2160.5714285714284
Mississippi,US,32.9715645,-89.7348497,2020-04-22,283785111,752538,48957,"Mississippi, US",23182.0,2127.0,25233.0,2129.8571428571427
Mississippi,US,32.9715645,-89.7348497,2020-04-23,283785111,781599,51503,"Mississippi, US",29061.0,2546.0,25478.0,2192.0
Mississippi,US,32.9715645,-89.7348497,2020-04-24,283785111,810863,53738,"Mississippi, US",29264.0,2235.0,25584.85714285714,2221.0
Mississippi,US,32.9715645,-89.7348497,2020-04-25,283785111,838383,54621,"Mississippi, US",27520.0,883.0,25934.428571428572,2088.285714285714
Mississippi,US,32.9715645,-89.7348497,2020-04-26,283785111,862771,56096,"Mississippi, US",24388.0,1475.0,26147.428571428572,2031.5714285714287
Mississippi,US,32.9715645,-89.7348497,2020-04-27,283785111,882808,57243,"Mississippi, US",20037.0,1147.0,25533.571428571428,1875.7142857142858
Mississippi,US,32.9715645,-89.7348497,2020-04-28,283785111,904520,59366,"Mississippi, US",21712.0,2123.0,25023.428571428572,1790.857142857143
Mississippi,US,32.9715645,-89.7348497,2020-04-29,283785111,928610,61702,"Mississippi, US",24090.0,2336.0,25153.14285714286,1820.7142857142858
Mississippi,US,32.9715645,-89.7348497,2020-04-30,283785111,954445,63988,"Mississippi, US",25835.0,2286.0,24692.285714285714,1783.5714285714287
Mississippi,US,32.9715645,-89.7348497,2020-05-01,283785111,985449,65639,"Mississippi, US",31004.0,1651.0,24940.85714285714,1700.142857142857
Mississippi,US,32.9715645,-89.7348497,2020-05-02,283785111,1010781,67194,"Mississippi, US",25332.0,1555.0,24628.285714285714,1796.142857142857
Mississippi,US,32.9715645,-89.7348497,2020-05-03,283785111,1032166,68265,"Mississippi, US",21385.0,1071.0,24199.285714285714,1738.4285714285713
Mississippi,US,32.9715645,-89.7348497,2020-05-04,283785111,1053107,69584,"Mississippi, US",20941.0,1319.0,24328.428571428572,1763.0
Mississippi,US,32.9715645,-89.7348497,2020-05-05,283785111,1073593,71654,"Mississippi, US",20486.0,2070.0,24153.285714285714,1755.4285714285713
Mississippi,US,32.9715645,-89.7348497,2020-05-06,283785111,1095199,73958,"Mississippi, US",21606.0,2304.0,23798.428571428572,1750.857142857143
Mississippi,US,32.9715645,-89.7348497,2020-05-07,283785111,1120155,75768,"Mississippi, US",24956.0,1810.0,23672.85714285714,1682.857142857143
Mississippi,US,32.9715645,-89.7348497,2020-05-08,283785111,1143666,77357,"Mississippi, US",23511.0,1589.0,22602.428571428572,1674.0
Mississippi,US,32.9715645,-89.7348497,2020-05-09,283785111,1165094,78769,"Mississippi, US",21428.0,1412.0,22044.714285714286,1653.5714285714287
Mississippi,US,32.9715645,-89.7348497,2020-05-10,283785111,1182438,79605,"Mississippi, US",17344.0,836.0,21467.428571428572,1620.0
Mississippi,US,32.9715645,-89.7348497,2020-05-11,283785111,1197799,80524,"Mississippi, US",15361.0,919.0,20670.285714285714,1562.857142857143
Mississippi,US,32.9715645,-89.7348497,2020-05-12,283785111,1218274,82025,"Mississippi, US",20475.0,1501.0,20668.714285714286,1481.5714285714287
Mississippi,US,32.9715645,-89.7348497,2020-05-13,283785111,1235771,83606,"Mississippi, US",17497.0,1581.0,20081.714285714286,1378.2857142857142
Mississippi,US,32.9715645,-89.7348497,2020-05-14,283785111,1260143,85197,"Mississippi, US",24372.0,1591.0,19998.285714285714,1347.0
Mississippi,US,32.9715645,-89.7348497,2020-05-15,283785111,1282388,86720,"Mississippi, US",22245.0,1523.0,19817.428571428572,1337.5714285714287
Mississippi,US,32.9715645,-89.7348497,2020-05-16,283785111,1303572,87909,"Mississippi, US",21184.0,1189.0,19782.571428571428,1305.7142857142858
Mississippi,US,32.9715645,-89.7348497,2020-05-17,283785111,1320555,88573,"Mississippi, US",16983.0,664.0,19731.0,1281.142857142857
Mississippi,US,32.9715645,-89.7348497,2020-05-18,283785111,1342292,84241,"Mississippi, US",21737.0,-4332.0,20641.85714285714,531.0
Mississippi,US,32.9715645,-89.7348497,2020-05-19,283785111,1360405,85567,"Mississippi, US",18113.0,1326.0,20304.428571428572,506.0
Mississippi,US,32.9715645,-89.7348497,2020-05-20,283785111,1379975,86767,"Mississippi, US",19570.0,1200.0,20600.571428571428,451.57142857142856
Mississippi,US,32.9715645,-89.7348497,2020-05-21,283785111,1403028,87784,"Mississippi, US",23053.0,1017.0,20412.14285714286,369.57142857142856
Mississippi,US,32.9715645,-89.7348497,2020-05-22,283785111,1423627,88972,"Mississippi, US",20599.0,1188.0,20177.0,321.7142857142857
Mississippi,US,32.9715645,-89.7348497,2020-05-23,283785111,1441799,89916,"Mississippi, US",18172.0,944.0,19746.714285714286,286.7142857142857
Mississippi,US,32.9715645,-89.7348497,2020-05-24,283785111,1459525,90435,"Mississippi, US",17726.0,519.0,19852.85714285714,266.0
Mississippi,US,32.9715645,-89.7348497,2020-05-25,283785111,1474871,90924,"Mississippi, US",15346.0,489.0,18939.85714285714,954.7142857142857
Mississippi,US,32.9715645,-89.7348497,2020-05-26,283785111,1490508,91535,"Mississippi, US",15637.0,611.0,18586.14285714286,852.5714285714286
Mississippi,US,32.9715645,-89.7348497,2020-05-27,283785111,1507250,92952,"Mississippi, US",16742.0,1417.0,18182.14285714286,883.5714285714286
Mississippi,US,32.9715645,-89.7348497,2020-05-28,283785111,1525996,94022,"Mississippi, US",18746.0,1070.0,17566.85714285714,891.1428571428571
Mississippi,US,32.9715645,-89.7348497,2020-05-29,283785111,1546814,94976,"Mississippi, US",20818.0,954.0,17598.14285714286,857.7142857142857
Mississippi,US,32.9715645,-89.7348497,2020-05-30,283785111,1566819,95771,"Mississippi, US",20005.0,795.0,17860.0,836.4285714285714
Mississippi,US,32.9715645,-89.7348497,2020-05-31,283785111,1583469,96353,"Mississippi, US",16650.0,582.0,17706.285714285714,845.4285714285714
Mississippi,US,32.9715645,-89.7348497,2020-06-01,283785111,1597621,97052,"Mississippi, US",14152.0,699.0,17535.714285714286,875.4285714285714
Mississippi,US,32.9715645,-89.7348497,2020-06-02,283785111,1616198,97990,"Mississippi, US",18577.0,938.0,17955.714285714286,922.1428571428571
Mississippi,US,32.9715645,-89.7348497,2020-06-03,283785111,1632654,98842,"Mississippi, US",16456.0,852.0,17914.85714285714,841.4285714285714
Mississippi,US,32.9715645,-89.7348497,2020-06-04,283785111,1650120,99708,"Mississippi, US",17466.0,866.0,17732.0,812.2857142857143
Mississippi,US,32.9715645,-89.7348497,2020-06-05,283785111,1671166,100462,"Mississippi, US",21046.0,754.0,17764.571428571428,783.7142857142857
Mississippi,US,32.9715645,-89.7348497,2020-06-06,283785111,1687981,101012,"Mississippi, US",16815.0,550.0,17308.85714285714,748.7142857142857
Mississippi,US,32.9715645,-89.7348497,2020-06-07,283785111,1702323,101402,"Mississippi, US",14342.0,390.0,16979.14285714286,721.2857142857143
Mississippi,US,32.9715645,-89.7348497,2020-06-08,283785111,1715263,101861,"Mississippi, US",12940.0,459.0,16806.0,687.0
Mississippi,US,32.9715645,-89.7348497,2020-06-09,283785111,1730219,102681,"Mississippi, US",14956.0,820.0,16288.714285714286,670.1428571428571
Mississippi,US,32.9715645,-89.7348497,2020-06-10,283785111,1747000,103465,"Mississippi, US",16781.0,784.0,16335.142857142857,660.4285714285714
Mississippi,US,32.9715645,-89.7348497,2020-06-11,283785111,1765551,104198,"Mississippi, US",18551.0,733.0,16490.14285714286,641.4285714285714
Mississippi,US,32.9715645,-89.7348497,2020-06-12,283785111,1785615,104944,"Mississippi, US",20064.0,746.0,16349.857142857143,640.2857142857143
Mississippi,US,32.9715645,-89.7348497,2020-06-13,283785111,1806339,105575,"Mississippi, US",20724.0,631.0,16908.285714285714,651.8571428571429
Mississippi,US,32.9715645,-89.7348497,2020-06-14,283785111,1822262,105829,"Mississippi, US",15923.0,254.0,17134.14285714286,632.4285714285714
Mississippi,US,32.9715645,-89.7348497,2020-06-15,283785111,1837828,106180,"Mississippi, US",15566.0,351.0,17509.285714285714,617.0
Mississippi,US,32.9715645,-89.7348497,2020-06-16,283785111,1856634,106920,"Mississippi, US",18806.0,740.0,18059.285714285714,605.5714285714286
Mississippi,US,32.9715645,-89.7348497,2020-06-17,283785111,1877255,107537,"Mississippi, US",20621.0,617.0,18607.85714285714,581.7142857142857
Mississippi,US,32.9715645,-89.7348497,2020-06-18,283785111,1899494,108146,"Mississippi, US",22239.0,609.0,19134.714285714286,564.0
Mississippi,US,32.9715645,-89.7348497,2020-06-19,283785111,1923858,108709,"Mississippi, US",24364.0,563.0,19749.0,537.8571428571429
Mississippi,US,32.9715645,-89.7348497,2020-06-20,283785111,1949739,109197,"Mississippi, US",25881.0,488.0,20485.714285714286,517.4285714285714
Mississippi,US,32.9715645,-89.7348497,2020-06-21,283785111,1969562,109461,"Mississippi, US",19823.0,264.0,21042.85714285714,518.8571428571429
Mississippi,US,32.9715645,-89.7348497,2020-06-22,283785111,1992535,109808,"Mississippi, US",22973.0,347.0,22101.0,518.2857142857143
Mississippi,US,32.9715645,-89.7348497,2020-06-23,283785111,2020391,110548,"Mississippi, US",27856.0,740.0,23393.85714285714,518.2857142857143
Mississippi,US,32.9715645,-89.7348497,2020-06-24,283785111,2048931,111192,"Mississippi, US",28540.0,644.0,24525.14285714286,522.1428571428571
Mississippi,US,32.9715645,-89.7348497,2020-06-25,283785111,2082665,109795,"Mississippi, US",33734.0,-1397.0,26167.285714285714,235.57142857142858
Mississippi,US,32.9715645,-89.7348497,2020-06-26,283785111,2120162,110329,"Mississippi, US",37497.0,534.0,28043.428571428572,231.42857142857142
Mississippi,US,32.9715645,-89.7348497,2020-06-27,283785111,2153953,110724,"Mississippi, US",33791.0,395.0,29173.428571428572,218.14285714285714
Mississippi,US,32.9715645,-89.7348497,2020-06-28,283785111,2186242,110965,"Mississippi, US",32289.0,241.0,30954.285714285714,214.85714285714286
Mississippi,US,32.9715645,-89.7348497,2020-06-29,283785111,2220222,111301,"Mississippi, US",33980.0,336.0,32526.714285714286,213.28571428571428
Mississippi,US,32.9715645,-89.7348497,2020-06-30,283785111,2254084,111841,"Mississippi, US",33862.0,540.0,33384.71428571428,184.71428571428572
Mississippi,US,32.9715645,-89.7348497,2020-07-01,283785111,2295456,112410,"Mississippi, US",41372.0,569.0,35217.857142857145,174.0
Mississippi,US,32.9715645,-89.7348497,2020-07-02,283785111,2343227,113026,"Mississippi, US",47771.0,616.0,37223.142857142855,461.57142857142856
Mississippi,US,32.9715645,-89.7348497,2020-07-03,283785111,2384677,113573,"Mississippi, US",41450.0,547.0,37787.857142857145,463.42857142857144
Mississippi,US,32.9715645,-89.7348497,2020-07-04,283785111,2424000,113801,"Mississippi, US",39323.0,228.0,38578.142857142855,439.57142857142856
Mississippi,US,32.9715645,-89.7348497,2020-07-05,283785111,2460556,114047,"Mississippi, US",36556.0,246.0,39187.71428571428,440.2857142857143
Mississippi,US,32.9715645,-89.7348497,2020-07-06,283785111,2494916,114319,"Mississippi, US",34360.0,272.0,39242.0,431.14285714285717
Mississippi,US,32.9715645,-89.7348497,2020-07-07,283785111,2543804,115554,"Mississippi, US",48888.0,1235.0,41388.57142857143,530.4285714285714
Mississippi,US,32.9715645,-89.7348497,2020-07-08,283785111,2593833,116226,"Mississippi, US",50029.0,672.0,42625.28571428572,545.1428571428571
Mississippi,US,32.9715645,-89.7348497,2020-07-09,283785111,2645238,117064,"Mississippi, US",51405.0,838.0,43144.42857142857,576.8571428571429
Mississippi,US,32.9715645,-89.7348497,2020-07-10,283785111,2701311,117713,"Mississippi, US",56073.0,649.0,45233.42857142857,591.4285714285714
Mississippi,US,32.9715645,-89.7348497,2020-07-11,283785111,2750686,118272,"Mississippi, US",49375.0,559.0,46669.42857142857,638.7142857142857
Mississippi,US,32.9715645,-89.7348497,2020-07-12,283785111,2800990,118648,"Mississippi, US",50304.0,376.0,48633.42857142857,657.2857142857143
Mississippi,US,32.9715645,-89.7348497,2020-07-13,283785111,2851201,118997,"Mississippi, US",50211.0,349.0,50897.857142857145,668.2857142857143
Mississippi,US,32.9715645,-89.7348497,2020-07-14,283785111,2905264,119698,"Mississippi, US",54063.0,701.0,51637.142857142855,592.0
Mississippi,US,32.9715645,-89.7348497,2020-07-15,283785111,2961571,120456,"Mississippi, US",56307.0,758.0,52534.0,604.2857142857143
Mississippi,US,32.9715645,-89.7348497,2020-07-16,283785111,3026727,121235,"Mississippi, US",65156.0,779.0,54498.42857142857,595.8571428571429
Mississippi,US,32.9715645,-89.7348497,2020-07-17,283785111,3087013,121968,"Mississippi, US",60286.0,733.0,55100.28571428572,607.8571428571429
Mississippi,US,32.9715645,-89.7348497,2020-07-18,283785111,3139268,122637,"Mississippi, US",52255.0,669.0,55511.71428571428,623.5714285714286
Mississippi,US,32.9715645,-89.7348497,2020-07-19,283785111,3192098,123027,"Mississippi, US",52830.0,390.0,55872.57142857143,625.5714285714286
Mississippi,US,32.9715645,-89.7348497,2020-07-20,283785111,3242758,123481,"Mississippi, US",50660.0,454.0,55936.71428571428,640.5714285714286
Mississippi,US,32.9715645,-89.7348497,2020-07-21,283785111,3294973,124382,"Mississippi, US",52215.0,901.0,55672.71428571428,669.1428571428571
Mississippi,US,32.9715645,-89.7348497,2020-07-22,283785111,3356233,125381,"Mississippi, US",61260.0,999.0,56380.28571428572,703.5714285714286
Mississippi,US,32.9715645,-89.7348497,2020-07-23,283785111,3414850,126259,"Mississippi, US",58617.0,878.0,55446.142857142855,717.7142857142857
Mississippi,US,32.9715645,-89.7348497,2020-07-24,283785111,3478644,127201,"Mississippi, US",63794.0,942.0,55947.28571428572,747.5714285714286
Mississippi,US,32.9715645,-89.7348497,2020-07-25,283785111,3531944,127893,"Mississippi, US",53300.0,692.0,56096.57142857143,750.8571428571429
Mississippi,US,32.9715645,-89.7348497,2020-07-26,283785111,3579902,128308,"Mississippi, US",47958.0,415.0,55400.57142857143,754.4285714285714
Mississippi,US,32.9715645,-89.7348497,2020-07-27,283785111,3629496,129485,"Mississippi, US",49594.0,1177.0,55248.28571428572,857.7142857142857
Mississippi,US,32.9715645,-89.7348497,2020-07-28,283785111,3684708,130621,"Mississippi, US",55212.0,1136.0,55676.42857142857,891.2857142857143
Mississippi,US,32.9715645,-89.7348497,2020-07-29,283785111,3742981,131882,"Mississippi, US",58273.0,1261.0,55249.71428571428,928.7142857142857
Mississippi,US,32.9715645,-89.7348497,2020-07-30,283785111,3800275,132908,"Mississippi, US",57294.0,1026.0,55060.71428571428,949.8571428571429
Mississippi,US,32.9715645,-89.7348497,2020-07-31,283785111,3856661,133822,"Mississippi, US",56386.0,914.0,54002.42857142857,945.8571428571429
Mississippi,US,32.9715645,-89.7348497,2020-08-01,283785111,3905830,134842,"Mississippi, US",49169.0,1020.0,53412.28571428572,992.7142857142857
Mississippi,US,32.9715645,-89.7348497,2020-08-02,283785111,3946481,135162,"Mississippi, US",40651.0,320.0,52368.42857142857,979.1428571428571
Mississippi,US,32.9715645,-89.7348497,2020-08-03,283785111,3985713,135675,"Mississippi, US",39232.0,513.0,50888.142857142855,884.2857142857143
Mississippi,US,32.9715645,-89.7348497,2020-08-04,283785111,4033845,136881,"Mississippi, US",48132.0,1206.0,49876.71428571428,894.2857142857143
Mississippi,US,32.9715645,-89.7348497,2020-08-05,283785111,4080088,138113,"Mississippi, US",46243.0,1232.0,48158.142857142855,890.1428571428571
Mississippi,US,32.9715645,-89.7348497,2020-08-06,283785111,4130317,139164,"Mississippi, US",50229.0,1051.0,47148.857142857145,893.7142857142857
Mississippi,US,32.9715645,-89.7348497,2020-08-07,283785111,4180719,140252,"Mississippi, US",50402.0,1088.0,46294.0,918.5714285714286
Mississippi,US,32.9715645,-89.7348497,2020-08-08,283785111,4227252,141161,"Mississippi, US",46533.0,909.0,45917.42857142857,902.7142857142857
Mississippi,US,32.9715645,-89.7348497,2020-08-09,283785111,4267545,141642,"Mississippi, US",40293.0,481.0,45866.28571428572,925.7142857142857
Mississippi,US,32.9715645,-89.7348497,2020-08-10,283785111,4306396,142075,"Mississippi, US",38851.0,433.0,45811.857142857145,914.2857142857143
Mississippi,US,32.9715645,-89.7348497,2020-08-11,283785111,4347892,142791,"Mississippi, US",41496.0,716.0,44863.857142857145,844.2857142857143
Mississippi,US,32.9715645,-89.7348497,2020-08-12,283785111,4396158,144010,"Mississippi, US",48266.0,1219.0,45152.857142857145,842.4285714285714
Mississippi,US,32.9715645,-89.7348497,2020-08-13,283785111,4442247,144965,"Mississippi, US",46089.0,955.0,44561.42857142857,828.7142857142857
Mississippi,US,32.9715645,-89.7348497,2020-08-14,283785111,4494814,146068,"Mississippi, US",52567.0,1103.0,44870.71428571428,830.8571428571429
Mississippi,US,32.9715645,-89.7348497,2020-08-15,283785111,4534429,146957,"Mississippi, US",39615.0,889.0,43882.42857142857,828.0
Mississippi,US,32.9715645,-89.7348497,2020-08-16,283785111,4566006,147538,"Mississippi, US",31577.0,581.0,42637.28571428572,842.2857142857143
Mississippi,US,32.9715645,-89.7348497,2020-08-17,283785111,4595748,147919,"Mississippi, US",29742.0,381.0,41336.0,834.8571428571429
Mississippi,US,32.9715645,-89.7348497,2020-08-18,283785111,4634669,149096,"Mississippi, US",38921.0,1177.0,40968.142857142855,900.7142857142857
Mississippi,US,32.9715645,-89.7348497,2020-08-19,283785111,4673971,150207,"Mississippi, US",39302.0,1111.0,39687.57142857143,885.2857142857143
Mississippi,US,32.9715645,-89.7348497,2020-08-20,283785111,4712271,150980,"Mississippi, US",38300.0,773.0,38574.857142857145,859.2857142857143
Mississippi,US,32.9715645,-89.7348497,2020-08-21,283785111,4754139,151961,"Mississippi, US",41868.0,981.0,37046.42857142857,841.8571428571429
Mississippi,US,32.9715645,-89.7348497,2020-08-22,283785111,4792529,152789,"Mississippi, US",38390.0,828.0,36871.42857142857,833.1428571428571
Mississippi,US,32.9715645,-89.7348497,2020-08-23,283785111,4821673,153208,"Mississippi, US",29144.0,419.0,36523.857142857145,810.0
Mississippi,US,32.9715645,-89.7348497,2020-08-24,283785111,4853512,153608,"Mississippi, US",31839.0,400.0,36823.42857142857,812.7142857142857
Mississippi,US,32.9715645,-89.7348497,2020-08-25,283785111,4889084,154700,"Mississippi, US",35572.0,1092.0,36345.0,800.5714285714286
Mississippi,US,32.9715645,-89.7348497,2020-08-26,283785111,4928112,155743,"Mississippi, US",39028.0,1043.0,36305.857142857145,790.8571428571429
Mississippi,US,32.9715645,-89.7348497,2020-08-27,283785111,4968195,156706,"Mississippi, US",40083.0,963.0,36560.57142857143,818.0
Mississippi,US,32.9715645,-89.7348497,2020-08-28,283785111,5009717,157550,"Mississippi, US",41522.0,844.0,36511.142857142855,798.4285714285714
Mississippi,US,32.9715645,-89.7348497,2020-08-29,283785111,5049921,158271,"Mississippi, US",40204.0,721.0,36770.28571428572,783.1428571428571
Mississippi,US,32.9715645,-89.7348497,2020-08-30,283785111,5081177,158658,"Mississippi, US",31256.0,387.0,37072.0,778.5714285714286
Mississippi,US,32.9715645,-89.7348497,2020-08-31,283785111,5111069,159173,"Mississippi, US",29892.0,515.0,36793.857142857145,795.0
Mississippi,US,32.9715645,-89.7348497,2020-09-01,283785111,5148387,160126,"Mississippi, US",37318.0,953.0,37043.28571428572,775.1428571428571
Mississippi,US,32.9715645,-89.7348497,2020-09-02,283785111,5183224,161001,"Mississippi, US",34837.0,875.0,36444.57142857143,751.1428571428571
Mississippi,US,32.9715645,-89.7348497,2020-09-03,283785111,5221776,161912,"Mississippi, US",38552.0,911.0,36225.857142857145,743.7142857142857
Mississippi,US,32.9715645,-89.7348497,2020-09-04,283785111,5266920,162782,"Mississippi, US",45144.0,870.0,36743.28571428572,747.4285714285714
Mississippi,US,32.9715645,-89.7348497,2020-09-05,283785111,5305341,163451,"Mississippi, US",38421.0,669.0,36488.57142857143,740.0
Mississippi,US,32.9715645,-89.7348497,2020-09-06,283785111,5333291,163838,"Mississippi, US",27950.0,387.0,36016.28571428572,740.0
Mississippi,US,32.9715645,-89.7348497,2020-09-07,283785111,5354756,164084,"Mississippi, US",21465.0,246.0,34812.42857142857,701.5714285714286
Mississippi,US,32.9715645,-89.7348497,2020-09-08,283785111,5378877,164498,"Mississippi, US",24121.0,414.0,32927.142857142855,624.5714285714286
Mississippi,US,32.9715645,-89.7348497,2020-09-09,283785111,5406954,165512,"Mississippi, US",28077.0,1014.0,31961.428571428572,644.4285714285714
Mississippi,US,32.9715645,-89.7348497,2020-09-10,283785111,5437154,166321,"Mississippi, US",30200.0,809.0,30768.285714285714,629.8571428571429
Mississippi,US,32.9715645,-89.7348497,2020-09-11,283785111,5479817,167414,"Mississippi, US",42663.0,1093.0,30413.85714285714,661.7142857142857
Mississippi,US,32.9715645,-89.7348497,2020-09-12,283785111,5515705,168012,"Mississippi, US",35888.0,598.0,30052.0,651.5714285714286
Mississippi,US,32.9715645,-89.7348497,2020-09-13,283785111,5546143,168371,"Mississippi, US",30438.0,359.0,30407.428571428572,647.5714285714286
Mississippi,US,32.9715645,-89.7348497,2020-09-14,283785111,5576085,168742,"Mississippi, US",29942.0,371.0,31618.428571428572,665.4285714285714
Mississippi,US,32.9715645,-89.7348497,2020-09-15,283785111,5611692,169909,"Mississippi, US",35607.0,1167.0,33259.28571428572,773.0
Mississippi,US,32.9715645,-89.7348497,2020-09-16,283785111,5644774,170658,"Mississippi, US",33082.0,749.0,33974.28571428572,735.1428571428571
Mississippi,US,32.9715645,-89.7348497,2020-09-17,283785111,5682973,171416,"Mississippi, US",38199.0,758.0,35117.0,727.8571428571429
Mississippi,US,32.9715645,-89.7348497,2020-09-18,283785111,5725622,172268,"Mississippi, US",42649.0,852.0,35115.0,693.4285714285714
Mississippi,US,32.9715645,-89.7348497,2020-09-19,283785111,5762633,172868,"Mississippi, US",37011.0,600.0,35275.42857142857,693.7142857142857
Mississippi,US,32.9715645,-89.7348497,2020-09-20,283785111,5795880,173092,"Mississippi, US",33247.0,224.0,35676.71428571428,674.4285714285714
Mississippi,US,32.9715645,-89.7348497,2020-09-21,283785111,5843474,173489,"Mississippi, US",47594.0,397.0,38198.42857142857,678.1428571428571
Mississippi,US,32.9715645,-89.7348497,2020-09-22,283785111,5878236,174512,"Mississippi, US",34762.0,1023.0,38077.71428571428,657.5714285714286
Mississippi,US,32.9715645,-89.7348497,2020-09-23,283785111,5910686,175470,"Mississippi, US",32450.0,958.0,37987.42857142857,687.4285714285714
Mississippi,US,32.9715645,-89.7348497,2020-09-24,283785111,5949298,176286,"Mississippi, US",38612.0,816.0,38046.42857142857,695.7142857142857
Mississippi,US,32.9715645,-89.7348497,2020-09-25,283785111,5989521,177140,"Mississippi, US",40223.0,854.0,37699.857142857145,696.0
Mississippi,US,32.9715645,-89.7348497,2020-09-26,283785111,6026732,177792,"Mississippi, US",37211.0,652.0,37728.42857142857,703.4285714285714
Mississippi,US,32.9715645,-89.7348497,2020-09-27,283785111,6058591,178044,"Mississippi, US",31859.0,252.0,37530.142857142855,707.4285714285714
Mississippi,US,32.9715645,-89.7348497,2020-09-28,283785111,6086736,178356,"Mississippi, US",28145.0,312.0,34751.71428571428,695.2857142857143
Mississippi,US,32.9715645,-89.7348497,2020-09-29,283785111,6123536,179157,"Mississippi, US",36800.0,801.0,35042.857142857145,663.5714285714286
Mississippi,US,32.9715645,-89.7348497,2020-09-30,283785111,6159076,180024,"Mississippi, US",35540.0,867.0,35484.28571428572,650.5714285714286
Mississippi,US,32.9715645,-89.7348497,2020-10-01,283785111,6198309,180779,"Mississippi, US",39233.0,755.0,35573.0,641.8571428571429
Mississippi,US,32.9715645,-89.7348497,2020-10-02,283785111,6245954,181625,"Mississippi, US",47645.0,846.0,36633.28571428572,640.7142857142857
Mississippi,US,32.9715645,-89.7348497,2020-10-03,283785111,6287947,182243,"Mississippi, US",41993.0,618.0,37316.42857142857,635.8571428571429
Mississippi,US,32.9715645,-89.7348497,2020-10-04,283785111,6318367,182561,"Mississippi, US",30420.0,318.0,37110.857142857145,645.2857142857143
Mississippi,US,32.9715645,-89.7348497,2020-10-05,283785111,6352277,182998,"Mississippi, US",33910.0,437.0,37934.42857142857,663.1428571428571
Mississippi,US,32.9715645,-89.7348497,2020-10-06,283785111,6390406,183620,"Mississippi, US",38129.0,622.0,38124.28571428572,637.5714285714286
Mississippi,US,32.9715645,-89.7348497,2020-10-07,283785111,6434126,184441,"Mississippi, US",43720.0,821.0,39292.857142857145,631.0
Mississippi,US,32.9715645,-89.7348497,2020-10-08,283785111,6484711,185286,"Mississippi, US",50585.0,845.0,40914.57142857143,643.8571428571429
Mississippi,US,32.9715645,-89.7348497,2020-10-09,283785111,6532944,186168,"Mississippi, US",48233.0,882.0,40998.57142857143,649.0
Mississippi,US,32.9715645,-89.7348497,2020-10-10,283785111,6578881,186707,"Mississippi, US",45937.0,539.0,41562.0,637.7142857142857
Mississippi,US,32.9715645,-89.7348497,2020-10-11,283785111,6618957,187096,"Mississippi, US",40076.0,389.0,42941.42857142857,647.8571428571429
Mississippi,US,32.9715645,-89.7348497,2020-10-12,283785111,6654788,187423,"Mississippi, US",35831.0,327.0,43215.857142857145,632.1428571428571
Mississippi,US,32.9715645,-89.7348497,2020-10-13,283785111,6700654,188152,"Mississippi, US",45866.0,729.0,44321.142857142855,647.4285714285714
Mississippi,US,32.9715645,-89.7348497,2020-10-14,283785111,6750469,189097,"Mississippi, US",49815.0,945.0,45191.857142857145,665.1428571428571
Mississippi,US,32.9715645,-89.7348497,2020-10-15,283785111,6806889,189791,"Mississippi, US",56420.0,694.0,46025.42857142857,643.5714285714286
Mississippi,US,32.9715645,-89.7348497,2020-10-16,283785111,6866527,190598,"Mississippi, US",59638.0,807.0,47654.71428571428,632.8571428571429
Mississippi,US,32.9715645,-89.7348497,2020-10-17,283785111,6915747,191279,"Mississippi, US",49220.0,681.0,48123.71428571428,653.1428571428571
Mississippi,US,32.9715645,-89.7348497,2020-10-18,283785111,6958434,191687,"Mississippi, US",42687.0,408.0,48496.71428571428,655.8571428571429
Mississippi,US,32.9715645,-89.7348497,2020-10-19,283785111,7019492,192124,"Mississippi, US",61058.0,437.0,52100.57142857143,671.5714285714286
Mississippi,US,32.9715645,-89.7348497,2020-10-20,283785111,7072791,192934,"Mississippi, US",53299.0,810.0,53162.42857142857,683.1428571428571
Mississippi,US,32.9715645,-89.7348497,2020-10-21,283785111,7126700,194006,"Mississippi, US",53909.0,1072.0,53747.28571428572,701.2857142857143
Mississippi,US,32.9715645,-89.7348497,2020-10-22,283785111,7192687,194799,"Mississippi, US",65987.0,793.0,55114.0,715.4285714285714
Mississippi,US,32.9715645,-89.7348497,2020-10-23,283785111,7263488,195679,"Mississippi, US",70801.0,880.0,56708.71428571428,725.8571428571429
Mississippi,US,32.9715645,-89.7348497,2020-10-24,283785111,7333760,196514,"Mississippi, US",70272.0,835.0,59716.142857142855,747.8571428571429
Mississippi,US,32.9715645,-89.7348497,2020-10-25,283785111,7386043,196854,"Mississippi, US",52283.0,340.0,61087.0,738.1428571428571
Mississippi,US,32.9715645,-89.7348497,2020-10-26,283785111,7442938,197289,"Mississippi, US",56895.0,435.0,60492.28571428572,737.8571428571429
Mississippi,US,32.9715645,-89.7348497,2020-10-27,283785111,7509375,198130,"Mississippi, US",66437.0,841.0,62369.142857142855,742.2857142857143
Mississippi,US,32.9715645,-89.7348497,2020-10-28,283785111,7576962,199024,"Mississippi, US",67587.0,894.0,64323.142857142855,716.8571428571429
Mississippi,US,32.9715645,-89.7348497,2020-10-29,283785111,7654959,199900,"Mississippi, US",77997.0,876.0,66038.85714285714,728.7142857142857
Mississippi,US,32.9715645,-89.7348497,2020-10-30,283785111,7742482,200841,"Mississippi, US",87523.0,941.0,68427.71428571429,737.4285714285714
Mississippi,US,32.9715645,-89.7348497,2020-10-31,283785111,7819186,201612,"Mississippi, US",76704.0,771.0,69346.57142857143,728.2857142857143
Mississippi,US,32.9715645,-89.7348497,2020-11-01,283785111,7883727,201967,"Mississippi, US",64541.0,355.0,71097.71428571429,730.4285714285714
Mississippi,US,32.9715645,-89.7348497,2020-11-02,283785111,7956658,202465,"Mississippi, US",72931.0,498.0,73388.57142857143,739.4285714285714
Mississippi,US,32.9715645,-89.7348497,2020-11-03,283785111,8068809,203920,"Mississippi, US",112151.0,1455.0,79919.14285714286,827.1428571428571
Mississippi,US,32.9715645,-89.7348497,2020-11-04,283785111,8155489,204907,"Mississippi, US",86680.0,987.0,82646.71428571429,840.4285714285714
Mississippi,US,32.9715645,-89.7348497,2020-11-05,283785111,8265432,205890,"Mississippi, US",109943.0,983.0,87210.42857142857,855.7142857142857
Mississippi,US,32.9715645,-89.7348497,2020-11-06,283785111,8367960,206711,"Mississippi, US",102528.0,821.0,89354.0,838.5714285714286
Mississippi,US,32.9715645,-89.7348497,2020-11-07,283785111,8481029,207643,"Mississippi, US",113069.0,932.0,94549.0,861.5714285714286
Mississippi,US,32.9715645,-89.7348497,2020-11-08,283785111,8579722,208068,"Mississippi, US",98693.0,425.0,99427.85714285714,871.5714285714286
Mississippi,US,32.9715645,-89.7348497,2020-11-09,283785111,8688859,208649,"Mississippi, US",109137.0,581.0,104600.14285714286,883.4285714285714
Mississippi,US,32.9715645,-89.7348497,2020-11-10,283785111,8808342,209875,"Mississippi, US",119483.0,1226.0,105647.57142857143,850.7142857142857
Mississippi,US,32.9715645,-89.7348497,2020-11-11,283785111,8932626,211170,"Mississippi, US",124284.0,1295.0,111019.57142857143,894.7142857142857
Mississippi,US,32.9715645,-89.7348497,2020-11-12,283785111,9077232,212175,"Mississippi, US",144606.0,1005.0,115971.42857142857,897.8571428571429
Mississippi,US,32.9715645,-89.7348497,2020-11-13,283785111,9237535,213237,"Mississippi, US",160303.0,1062.0,124225.0,932.2857142857143
Mississippi,US,32.9715645,-89.7348497,2020-11-14,283785111,9382810,214312,"Mississippi, US",145275.0,1075.0,128825.85714285714,952.7142857142857
Mississippi,US,32.9715645,-89.7348497,2020-11-15,283785111,9502226,214867,"Mississippi, US",119416.0,555.0,131786.2857142857,971.2857142857143
Mississippi,US,32.9715645,-89.7348497,2020-11-16,283785111,9636760,215293,"Mississippi, US",134534.0,426.0,135414.42857142858,949.1428571428571
Mississippi,US,32.9715645,-89.7348497,2020-11-17,283785111,9778696,216849,"Mississippi, US",141936.0,1556.0,138622.0,996.2857142857143
Mississippi,US,32.9715645,-89.7348497,2020-11-18,283785111,9924764,218566,"Mississippi, US",146068.0,1717.0,141734.0,1056.5714285714287
Mississippi,US,32.9715645,-89.7348497,2020-11-19,283785111,10089397,220308,"Mississippi, US",164633.0,1742.0,144595.0,1161.857142857143
Mississippi,US,32.9715645,-89.7348497,2020-11-20,283785111,10262282,222005,"Mississippi, US",172885.0,1697.0,146392.42857142858,1252.5714285714287
Mississippi,US,32.9715645,-89.7348497,2020-11-21,283785111,10420151,223226,"Mississippi, US",157869.0,1221.0,148191.57142857142,1273.4285714285713
Mississippi,US,32.9715645,-89.7348497,2020-11-22,283785111,10544492,224008,"Mississippi, US",124341.0,782.0,148895.14285714287,1305.857142857143
Mississippi,US,32.9715645,-89.7348497,2020-11-23,283785111,10695249,224872,"Mississippi, US",150757.0,864.0,151212.7142857143,1368.4285714285713
Mississippi,US,32.9715645,-89.7348497,2020-11-24,283785111,10843240,226735,"Mississippi, US",147991.0,1863.0,152077.7142857143,1412.2857142857142
Mississippi,US,32.9715645,-89.7348497,2020-11-25,283785111,10993852,228773,"Mississippi, US",150612.0,2038.0,152726.85714285713,1458.142857142857
Mississippi,US,32.9715645,-89.7348497,2020-11-26,283785111,11089596,229806,"Mississippi, US",95744.0,1033.0,142885.57142857142,1356.857142857143
Mississippi,US,32.9715645,-89.7348497,2020-11-27,283785111,11275050,231124,"Mississippi, US",185454.0,1318.0,144681.14285714287,1302.7142857142858
Mississippi,US,32.9715645,-89.7348497,2020-11-28,283785111,11413150,232204,"Mississippi, US",138100.0,1080.0,141857.0,1282.5714285714287
Mississippi,US,32.9715645,-89.7348497,2020-11-29,283785111,11530974,232946,"Mississippi, US",117824.0,742.0,140926.0,1276.857142857143
Mississippi,US,32.9715645,-89.7348497,2020-11-30,283785111,11670611,234022,"Mississippi, US",139637.0,1076.0,139337.42857142858,1307.142857142857
Mississippi,US,32.9715645,-89.7348497,2020-12-01,283785111,11822867,236365,"Mississippi, US",152256.0,2343.0,139946.7142857143,1375.7142857142858
Mississippi,US,32.9715645,-89.7348497,2020-12-02,283785111,11993221,238910,"Mississippi, US",170354.0,2545.0,142767.0,1448.142857142857
Mississippi,US,32.9715645,-89.7348497,2020-12-03,283785111,12181198,241419,"Mississippi, US",187977.0,2509.0,155943.14285714287,1659.0
Mississippi,US,32.9715645,-89.7348497,2020-12-04,283785111,12384413,243804,"Mississippi, US",203215.0,2385.0,158480.42857142858,1811.4285714285713
Mississippi,US,32.9715645,-89.7348497,2020-12-05,283785111,12570589,245818,"Mississippi, US",186176.0,2014.0,165348.42857142858,1944.857142857143
Mississippi,US,32.9715645,-89.7348497,2020-12-06,283785111,12718023,246833,"Mississippi, US",147434.0,1015.0,169578.42857142858,1983.857142857143
Mississippi,US,32.9715645,-89.7348497,2020-12-07,283785111,12890334,248237,"Mississippi, US",172311.0,1404.0,174246.14285714287,2030.7142857142858
Mississippi,US,32.9715645,-89.7348497,2020-12-08,283785111,13074133,250528,"Mississippi, US",183799.0,2291.0,178752.2857142857,2023.2857142857142
Mississippi,US,32.9715645,-89.7348497,2020-12-09,283785111,13257492,253130,"Mississippi, US",183359.0,2602.0,180610.14285714287,2031.4285714285713
Mississippi,US,32.9715645,-89.7348497,2020-12-10,283785111,13449300,255594,"Mississippi, US",191808.0,2464.0,181157.42857142858,2025.0
