Province_State,Country_Region,Lat,Long,Date,Confirmed,Deaths,Combined_Key,ConfirmedNew,DeathsNew,ConfirmedNewMean,DeathsNewMean,Population
,US,40.0,-100.0,2020-01-22,1,0,", US",-955765.0,-15751.0,-109428.0,-2072.714285714286,331002651
,US,40.0,-100.0,2020-01-23,1,0,", US",0.0,0.0,-113984.57142857143,-2100.714285714286,331002651
,US,40.0,-100.0,2020-01-24,2,0,", US",1.0,0.0,-118327.57142857143,-2128.5714285714284,331002651
,US,40.0,-100.0,2020-01-25,2,0,", US",0.0,0.0,-122918.57142857143,-2157.5714285714284,331002651
,US,40.0,-100.0,2020-01-26,5,0,", US",3.0,0.0,-127660.71428571429,-2187.714285714286,331002651
,US,40.0,-100.0,2020-01-27,5,0,", US",0.0,0.0,-132191.0,-2218.714285714286,331002651
,US,40.0,-100.0,2020-01-28,5,0,", US",0.0,0.0,-136537.2857142857,-2250.1428571428573,331002651
,US,40.0,-100.0,2020-01-29,6,0,", US",1.0,0.0,0.7142857142857143,0.0,331002651
,US,40.0,-100.0,2020-01-30,6,0,", US",0.0,0.0,0.7142857142857143,0.0,331002651
,US,40.0,-100.0,2020-01-31,8,0,", US",2.0,0.0,0.8571428571428571,0.0,331002651
,US,40.0,-100.0,2020-02-01,8,0,", US",0.0,0.0,0.8571428571428571,0.0,331002651
,US,40.0,-100.0,2020-02-02,8,0,", US",0.0,0.0,0.42857142857142855,0.0,331002651
,US,40.0,-100.0,2020-02-03,11,0,", US",3.0,0.0,0.8571428571428571,0.0,331002651
,US,40.0,-100.0,2020-02-04,11,0,", US",0.0,0.0,0.8571428571428571,0.0,331002651
,US,40.0,-100.0,2020-02-05,11,0,", US",0.0,0.0,0.7142857142857143,0.0,331002651
,US,40.0,-100.0,2020-02-06,12,0,", US",1.0,0.0,0.8571428571428571,0.0,331002651
,US,40.0,-100.0,2020-02-07,12,0,", US",0.0,0.0,0.5714285714285714,0.0,331002651
,US,40.0,-100.0,2020-02-08,12,0,", US",0.0,0.0,0.5714285714285714,0.0,331002651
,US,40.0,-100.0,2020-02-09,12,0,", US",0.0,0.0,0.5714285714285714,0.0,331002651
,US,40.0,-100.0,2020-02-10,12,0,", US",0.0,0.0,0.14285714285714285,0.0,331002651
,US,40.0,-100.0,2020-02-11,13,0,", US",1.0,0.0,0.2857142857142857,0.0,331002651
,US,40.0,-100.0,2020-02-12,13,0,", US",0.0,0.0,0.2857142857142857,0.0,331002651
,US,40.0,-100.0,2020-02-13,14,0,", US",1.0,0.0,0.2857142857142857,0.0,331002651
,US,40.0,-100.0,2020-02-14,14,0,", US",0.0,0.0,0.2857142857142857,0.0,331002651
,US,40.0,-100.0,2020-02-15,14,0,", US",0.0,0.0,0.2857142857142857,0.0,331002651
,US,40.0,-100.0,2020-02-16,14,0,", US",0.0,0.0,0.2857142857142857,0.0,331002651
,US,40.0,-100.0,2020-02-17,14,0,", US",0.0,0.0,0.2857142857142857,0.0,331002651
,US,40.0,-100.0,2020-02-18,14,0,", US",0.0,0.0,0.14285714285714285,0.0,331002651
,US,40.0,-100.0,2020-02-19,14,0,", US",0.0,0.0,0.14285714285714285,0.0,331002651
,US,40.0,-100.0,2020-02-20,14,0,", US",0.0,0.0,0.0,0.0,331002651
,US,40.0,-100.0,2020-02-21,16,0,", US",2.0,0.0,0.2857142857142857,0.0,331002651
,US,40.0,-100.0,2020-02-22,16,0,", US",0.0,0.0,0.2857142857142857,0.0,331002651
,US,40.0,-100.0,2020-02-23,16,0,", US",0.0,0.0,0.2857142857142857,0.0,331002651
,US,40.0,-100.0,2020-02-24,16,0,", US",0.0,0.0,0.2857142857142857,0.0,331002651
,US,40.0,-100.0,2020-02-25,16,0,", US",0.0,0.0,0.2857142857142857,0.0,331002651
,US,40.0,-100.0,2020-02-26,16,0,", US",0.0,0.0,0.2857142857142857,0.0,331002651
,US,40.0,-100.0,2020-02-27,17,0,", US",1.0,0.0,0.42857142857142855,0.0,331002651
,US,40.0,-100.0,2020-02-28,17,0,", US",0.0,0.0,0.14285714285714285,0.0,331002651
,US,40.0,-100.0,2020-02-29,25,1,", US",8.0,1.0,1.2857142857142858,0.14285714285714285,331002651
,US,40.0,-100.0,2020-03-01,32,1,", US",7.0,0.0,2.2857142857142856,0.14285714285714285,331002651
,US,40.0,-100.0,2020-03-02,55,6,", US",23.0,5.0,5.571428571428571,0.8571428571428571,331002651
,US,40.0,-100.0,2020-03-03,74,7,", US",19.0,1.0,8.285714285714286,1.0,331002651
,US,40.0,-100.0,2020-03-04,107,11,", US",33.0,4.0,13.0,1.5714285714285714,331002651
,US,40.0,-100.0,2020-03-05,184,12,", US",77.0,1.0,23.857142857142858,1.7142857142857142,331002651
,US,40.0,-100.0,2020-03-06,237,14,", US",53.0,2.0,31.428571428571427,2.0,331002651
,US,40.0,-100.0,2020-03-07,403,17,", US",166.0,3.0,54.0,2.2857142857142856,331002651
,US,40.0,-100.0,2020-03-08,519,21,", US",116.0,4.0,69.57142857142857,2.857142857142857,331002651
,US,40.0,-100.0,2020-03-09,594,22,", US",75.0,1.0,77.0,2.2857142857142856,331002651
,US,40.0,-100.0,2020-03-10,782,28,", US",188.0,6.0,101.14285714285714,3.0,331002651
,US,40.0,-100.0,2020-03-11,1147,33,", US",365.0,5.0,148.57142857142858,3.142857142857143,331002651
,US,40.0,-100.0,2020-03-12,1586,43,", US",439.0,10.0,200.28571428571428,4.428571428571429,331002651
,US,40.0,-100.0,2020-03-13,2219,51,", US",633.0,8.0,283.14285714285717,5.285714285714286,331002651
,US,40.0,-100.0,2020-03-14,2978,58,", US",759.0,7.0,367.85714285714283,5.857142857142857,331002651
,US,40.0,-100.0,2020-03-15,3212,70,", US",234.0,12.0,384.7142857142857,7.0,331002651
,US,40.0,-100.0,2020-03-16,4679,97,", US",1467.0,27.0,583.5714285714286,10.714285714285714,331002651
,US,40.0,-100.0,2020-03-17,6512,132,", US",1833.0,35.0,818.5714285714286,14.857142857142858,331002651
,US,40.0,-100.0,2020-03-18,9169,191,", US",2657.0,59.0,1146.0,22.571428571428573,331002651
,US,40.0,-100.0,2020-03-19,13663,264,", US",4494.0,73.0,1725.2857142857142,31.571428571428573,331002651
,US,40.0,-100.0,2020-03-20,20030,365,", US",6367.0,101.0,2544.4285714285716,44.857142857142854,331002651
,US,40.0,-100.0,2020-03-21,26025,464,", US",5995.0,99.0,3292.4285714285716,58.0,331002651
,US,40.0,-100.0,2020-03-22,34855,574,", US",8830.0,110.0,4520.428571428572,72.0,331002651
,US,40.0,-100.0,2020-03-23,46086,762,", US",11231.0,188.0,5915.285714285715,95.0,331002651
,US,40.0,-100.0,2020-03-24,56698,1003,", US",10612.0,241.0,7169.428571428572,124.42857142857143,331002651
,US,40.0,-100.0,2020-03-25,68773,1329,", US",12075.0,326.0,8514.857142857143,162.57142857142858,331002651
,US,40.0,-100.0,2020-03-26,86613,1741,", US",17840.0,412.0,10421.42857142857,211.0,331002651
,US,40.0,-100.0,2020-03-27,105293,2259,", US",18680.0,518.0,12180.42857142857,270.57142857142856,331002651
,US,40.0,-100.0,2020-03-28,124900,2892,", US",19607.0,633.0,14125.0,346.85714285714283,331002651
,US,40.0,-100.0,2020-03-29,143779,3484,", US",18879.0,592.0,15560.57142857143,415.7142857142857,331002651
,US,40.0,-100.0,2020-03-30,165861,4180,", US",22082.0,696.0,17110.714285714286,488.2857142857143,331002651
,US,40.0,-100.0,2020-03-31,192177,5272,", US",26316.0,1092.0,19354.14285714286,609.8571428571429,331002651
,US,40.0,-100.0,2020-04-01,218060,6452,", US",25883.0,1180.0,21326.714285714286,731.8571428571429,331002651
,US,40.0,-100.0,2020-04-02,248447,7955,", US",30387.0,1503.0,23119.14285714286,887.7142857142857,331002651
,US,40.0,-100.0,2020-04-03,280417,9348,", US",31970.0,1393.0,25017.714285714286,1012.7142857142857,331002651
,US,40.0,-100.0,2020-04-04,313432,10889,", US",33015.0,1541.0,26933.14285714286,1142.4285714285713,331002651
,US,40.0,-100.0,2020-04-05,341629,12457,", US",28197.0,1568.0,28264.285714285714,1281.857142857143,331002651
,US,40.0,-100.0,2020-04-06,371802,14233,", US",30173.0,1776.0,29420.14285714286,1436.142857142857,331002651
,US,40.0,-100.0,2020-04-07,403212,16803,", US",31410.0,2570.0,30147.85714285714,1647.2857142857142,331002651
,US,40.0,-100.0,2020-04-08,435407,18957,", US",32195.0,2154.0,31049.571428571428,1786.4285714285713,331002651
,US,40.0,-100.0,2020-04-09,469989,21176,", US",34582.0,2219.0,31648.85714285714,1888.7142857142858,331002651
,US,40.0,-100.0,2020-04-10,503474,23403,", US",33485.0,2227.0,31865.285714285714,2007.857142857143,331002651
,US,40.0,-100.0,2020-04-11,532782,25527,", US",29308.0,2124.0,31335.714285714286,2091.1428571428573,331002651
,US,40.0,-100.0,2020-04-12,559709,27342,", US",26927.0,1815.0,31154.285714285714,2126.4285714285716,331002651
,US,40.0,-100.0,2020-04-13,585518,29280,", US",25809.0,1938.0,30530.85714285714,2149.5714285714284,331002651
,US,40.0,-100.0,2020-04-14,614082,31734,", US",28564.0,2454.0,30124.285714285714,2133.0,331002651
,US,40.0,-100.0,2020-04-15,644247,34337,", US",30165.0,2603.0,29834.285714285714,2197.1428571428573,331002651
,US,40.0,-100.0,2020-04-16,675648,36506,", US",31401.0,2169.0,29379.85714285714,2190.0,331002651
,US,40.0,-100.0,2020-04-17,708317,38599,", US",32669.0,2093.0,29263.285714285714,2170.8571428571427,331002651
,US,40.0,-100.0,2020-04-18,736244,40568,", US",27927.0,1969.0,29066.0,2148.714285714286,331002651
,US,40.0,-100.0,2020-04-19,761933,42499,", US",25689.0,1931.0,28889.14285714286,2165.285714285714,331002651
,US,40.0,-100.0,2020-04-20,790353,44679,", US",28420.0,2180.0,29262.14285714286,2199.8571428571427,331002651
,US,40.0,-100.0,2020-04-21,816413,47221,", US",26060.0,2542.0,28904.428571428572,2212.4285714285716,331002651
,US,40.0,-100.0,2020-04-22,845727,49659,", US",29314.0,2438.0,28782.85714285714,2188.8571428571427,331002651
,US,40.0,-100.0,2020-04-23,878911,52125,", US",33184.0,2466.0,29037.571428571428,2231.285714285714,331002651
,US,40.0,-100.0,2020-04-24,912662,54285,", US",33751.0,2160.0,29192.14285714286,2240.8571428571427,331002651
,US,40.0,-100.0,2020-04-25,944234,55988,", US",31572.0,1703.0,29712.85714285714,2202.8571428571427,331002651
,US,40.0,-100.0,2020-04-26,971078,57322,", US",26844.0,1334.0,29877.85714285714,2117.5714285714284,331002651
,US,40.0,-100.0,2020-04-27,994265,58787,", US",23187.0,1465.0,29130.285714285714,2015.4285714285713,331002651
,US,40.0,-100.0,2020-04-28,1018926,61028,", US",24661.0,2241.0,28930.428571428572,1972.4285714285713,331002651
,US,40.0,-100.0,2020-04-29,1046737,63555,", US",27811.0,2527.0,28715.714285714286,1985.142857142857,331002651
,US,40.0,-100.0,2020-04-30,1076224,65971,", US",29487.0,2416.0,28187.571428571428,1978.0,331002651
,US,40.0,-100.0,2020-05-01,1110464,67848,", US",34240.0,1877.0,28257.428571428572,1937.5714285714287,331002651
,US,40.0,-100.0,2020-05-02,1138228,69535,", US",27764.0,1687.0,27713.428571428572,1935.2857142857142,331002651
,US,40.0,-100.0,2020-05-03,1162685,70638,", US",24457.0,1103.0,27372.428571428572,1902.2857142857142,331002651
,US,40.0,-100.0,2020-05-04,1186067,71956,", US",23382.0,1318.0,27400.285714285714,1881.2857142857142,331002651
,US,40.0,-100.0,2020-05-05,1210577,74255,", US",24510.0,2299.0,27378.714285714286,1889.5714285714287,331002651
,US,40.0,-100.0,2020-05-06,1235666,76599,", US",25089.0,2344.0,26989.85714285714,1863.4285714285713,331002651
,US,40.0,-100.0,2020-05-07,1263402,78523,", US",27736.0,1924.0,26739.714285714286,1793.142857142857,331002651
,US,40.0,-100.0,2020-05-08,1290151,80275,", US",26749.0,1752.0,25669.571428571428,1775.2857142857142,331002651
,US,40.0,-100.0,2020-05-09,1315099,81817,", US",24948.0,1542.0,25267.285714285714,1754.5714285714287,331002651
,US,40.0,-100.0,2020-05-10,1333970,82717,", US",18871.0,900.0,24469.285714285714,1725.5714285714287,331002651
,US,40.0,-100.0,2020-05-11,1353397,83719,", US",19427.0,1002.0,23904.285714285714,1680.4285714285713,331002651
,US,40.0,-100.0,2020-05-12,1376122,85333,", US",22725.0,1614.0,23649.285714285714,1582.5714285714287,331002651
,US,40.0,-100.0,2020-05-13,1397085,87082,", US",20963.0,1749.0,23059.85714285714,1497.5714285714287,331002651
,US,40.0,-100.0,2020-05-14,1424243,88856,", US",27158.0,1774.0,22977.285714285714,1476.142857142857,331002651
,US,40.0,-100.0,2020-05-15,1449498,90520,", US",25255.0,1664.0,22763.85714285714,1463.5714285714287,331002651
,US,40.0,-100.0,2020-05-16,1473514,91792,", US",24016.0,1272.0,22630.714285714286,1425.0,331002651
,US,40.0,-100.0,2020-05-17,1491829,92547,", US",18315.0,755.0,22551.285714285714,1404.2857142857142,331002651
,US,40.0,-100.0,2020-05-18,1513816,93714,", US",21987.0,1167.0,22917.0,1427.857142857143,331002651
,US,40.0,-100.0,2020-05-19,1534871,95240,", US",21055.0,1526.0,22678.428571428572,1415.2857142857142,331002651
,US,40.0,-100.0,2020-05-20,1557933,96758,", US",23062.0,1518.0,22978.285714285714,1382.2857142857142,331002651
,US,40.0,-100.0,2020-05-21,1583798,97969,", US",25865.0,1211.0,22793.571428571428,1301.857142857143,331002651
,US,40.0,-100.0,2020-05-22,1607109,99214,", US",23311.0,1245.0,22515.85714285714,1242.0,331002651
,US,40.0,-100.0,2020-05-23,1628212,100348,", US",21103.0,1134.0,22099.714285714286,1222.2857142857142,331002651
,US,40.0,-100.0,2020-05-24,1648158,100964,", US",19946.0,616.0,22332.714285714286,1202.4285714285713,331002651
,US,40.0,-100.0,2020-05-25,1666505,101521,", US",18347.0,557.0,21812.714285714286,1115.2857142857142,331002651
,US,40.0,-100.0,2020-05-26,1685956,102185,", US",19451.0,664.0,21583.571428571428,992.1428571428571,331002651
,US,40.0,-100.0,2020-05-27,1704489,103693,", US",18533.0,1508.0,20936.571428571428,990.7142857142857,331002651
,US,40.0,-100.0,2020-05-28,1727357,104876,", US",22868.0,1183.0,20508.428571428572,986.7142857142857,331002651
,US,40.0,-100.0,2020-05-29,1751612,106031,", US",24255.0,1155.0,20643.285714285714,973.8571428571429,331002651
,US,40.0,-100.0,2020-05-30,1775428,106985,", US",23816.0,954.0,21030.85714285714,948.1428571428571,331002651
,US,40.0,-100.0,2020-05-31,1794465,107674,", US",19037.0,689.0,20901.0,958.5714285714286,331002651
,US,40.0,-100.0,2020-06-01,1811393,108451,", US",16928.0,777.0,20698.285714285714,990.0,331002651
,US,40.0,-100.0,2020-06-02,1832782,109500,", US",21389.0,1049.0,20975.14285714286,1045.0,331002651
,US,40.0,-100.0,2020-06-03,1852788,110494,", US",20006.0,994.0,21185.571428571428,971.5714285714286,331002651
,US,40.0,-100.0,2020-06-04,1874156,111499,", US",21368.0,1005.0,20971.285714285714,946.1428571428571,331002651
,US,40.0,-100.0,2020-06-05,1899505,112405,", US",25349.0,906.0,21127.571428571428,910.5714285714286,331002651
,US,40.0,-100.0,2020-06-06,1920910,113102,", US",21405.0,697.0,20783.14285714286,873.8571428571429,331002651
,US,40.0,-100.0,2020-06-07,1938572,113543,", US",17662.0,441.0,20586.714285714286,838.4285714285714,331002651
,US,40.0,-100.0,2020-06-08,1956064,114040,", US",17492.0,497.0,20667.285714285714,798.4285714285714,331002651
,US,40.0,-100.0,2020-06-09,1974425,114970,", US",18361.0,930.0,20234.714285714286,781.4285714285714,331002651
,US,40.0,-100.0,2020-06-10,1995376,115869,", US",20951.0,899.0,20369.714285714286,767.8571428571429,331002651
,US,40.0,-100.0,2020-06-11,2018418,116723,", US",23042.0,854.0,20608.85714285714,746.2857142857143,331002651
,US,40.0,-100.0,2020-06-12,2043332,117543,", US",24914.0,820.0,20546.714285714286,734.0,331002651
,US,40.0,-100.0,2020-06-13,2068600,118316,", US",25268.0,773.0,21098.571428571428,744.8571428571429,331002651
,US,40.0,-100.0,2020-06-14,2087619,118629,", US",19019.0,313.0,21292.428571428572,726.5714285714286,331002651
,US,40.0,-100.0,2020-06-15,2107075,119012,", US",19456.0,383.0,21573.0,710.2857142857143,331002651
,US,40.0,-100.0,2020-06-16,2130768,119833,", US",23693.0,821.0,22334.714285714286,694.7142857142857,331002651
,US,40.0,-100.0,2020-06-17,2157267,120564,", US",26499.0,731.0,23127.285714285714,670.7142857142857,331002651
,US,40.0,-100.0,2020-06-18,2185134,121272,", US",27867.0,708.0,23816.571428571428,649.8571428571429,331002651
,US,40.0,-100.0,2020-06-19,2216115,121934,", US",30981.0,662.0,24683.285714285714,627.2857142857143,331002651
,US,40.0,-100.0,2020-06-20,2248032,122540,", US",31917.0,606.0,25633.14285714286,603.4285714285714,331002651
,US,40.0,-100.0,2020-06-21,2274000,122833,", US",25968.0,293.0,26625.85714285714,600.5714285714286,331002651
,US,40.0,-100.0,2020-06-22,2304676,123217,", US",30676.0,384.0,28228.714285714286,600.7142857142857,331002651
,US,40.0,-100.0,2020-06-23,2340884,124059,", US",36208.0,842.0,30016.571428571428,603.7142857142857,331002651
,US,40.0,-100.0,2020-06-24,2375310,124815,", US",34426.0,756.0,31149.0,607.2857142857143,331002651
,US,40.0,-100.0,2020-06-25,2415666,125360,", US",40356.0,545.0,32933.142857142855,584.0,331002651
,US,40.0,-100.0,2020-06-26,2461019,125981,", US",45353.0,621.0,34986.28571428572,578.1428571428571,331002651
,US,40.0,-100.0,2020-06-27,2502378,126483,", US",41359.0,502.0,36335.142857142855,563.2857142857143,331002651
,US,40.0,-100.0,2020-06-28,2542787,126761,", US",40409.0,278.0,38398.142857142855,561.1428571428571,331002651
,US,40.0,-100.0,2020-06-29,2582844,127139,", US",40057.0,378.0,39738.28571428572,560.2857142857143,331002651
,US,40.0,-100.0,2020-06-30,2628824,127787,", US",45980.0,648.0,41134.28571428572,532.5714285714286,331002651
,US,40.0,-100.0,2020-07-01,2680312,128479,", US",51488.0,692.0,43571.71428571428,523.4285714285714,331002651
,US,40.0,-100.0,2020-07-02,2735900,129199,", US",55588.0,720.0,45747.71428571428,548.4285714285714,331002651
,US,40.0,-100.0,2020-07-03,2787741,129858,", US",51841.0,659.0,46674.57142857143,553.8571428571429,331002651
,US,40.0,-100.0,2020-07-04,2833290,130127,", US",45549.0,269.0,47273.142857142855,520.5714285714286,331002651
,US,40.0,-100.0,2020-07-05,2882870,130416,", US",49580.0,289.0,48583.28571428572,522.1428571428571,331002651
,US,40.0,-100.0,2020-07-06,2927032,130777,", US",44162.0,361.0,49169.71428571428,519.7142857142857,331002651
,US,40.0,-100.0,2020-07-07,2987787,131984,", US",60755.0,1207.0,51280.42857142857,599.5714285714286,331002651
,US,40.0,-100.0,2020-07-08,3047527,132847,", US",59740.0,863.0,52459.28571428572,624.0,331002651
,US,40.0,-100.0,2020-07-09,3110094,133845,", US",62567.0,998.0,53456.28571428572,663.7142857142857,331002651
,US,40.0,-100.0,2020-07-10,3177953,134666,", US",67859.0,821.0,55744.57142857143,686.8571428571429,331002651
,US,40.0,-100.0,2020-07-11,3237991,135359,", US",60038.0,693.0,57814.42857142857,747.4285714285714,331002651
,US,40.0,-100.0,2020-07-12,3297076,135820,", US",59085.0,461.0,59172.28571428572,772.0,331002651
,US,40.0,-100.0,2020-07-13,3355869,136188,", US",58793.0,368.0,61262.42857142857,773.0,331002651
,US,40.0,-100.0,2020-07-14,3423296,137108,", US",67427.0,920.0,62215.57142857143,732.0,331002651
,US,40.0,-100.0,2020-07-15,3490931,138080,", US",67635.0,972.0,63343.42857142857,747.5714285714286,331002651
,US,40.0,-100.0,2020-07-16,3568033,139030,", US",77102.0,950.0,65419.857142857145,740.7142857142857,331002651
,US,40.0,-100.0,2020-07-17,3639705,139963,", US",71672.0,933.0,65964.57142857143,756.7142857142857,331002651
,US,40.0,-100.0,2020-07-18,3702175,140825,", US",62470.0,862.0,66312.0,780.8571428571429,331002651
,US,40.0,-100.0,2020-07-19,3762891,141278,", US",60716.0,453.0,66545.0,779.7142857142857,331002651
,US,40.0,-100.0,2020-07-20,3824368,141802,", US",61477.0,524.0,66928.42857142857,802.0,331002651
,US,40.0,-100.0,2020-07-21,3888607,142903,", US",64239.0,1101.0,66473.0,827.8571428571429,331002651
,US,40.0,-100.0,2020-07-22,3960522,144123,", US",71915.0,1220.0,67084.42857142857,863.2857142857143,331002651
,US,40.0,-100.0,2020-07-23,4029033,145215,", US",68511.0,1092.0,65857.14285714286,883.5714285714286,331002651
,US,40.0,-100.0,2020-07-24,4102241,146345,", US",73208.0,1130.0,66076.57142857143,911.7142857142857,331002651
,US,40.0,-100.0,2020-07-25,4167616,147233,", US",65375.0,888.0,66491.57142857143,915.4285714285714,331002651
,US,40.0,-100.0,2020-07-26,4222480,147716,", US",54864.0,483.0,65655.57142857143,919.7142857142857,331002651
,US,40.0,-100.0,2020-07-27,4278427,148835,", US",55947.0,1119.0,64865.57142857143,1004.7142857142857,331002651
,US,40.0,-100.0,2020-07-28,4344212,150204,", US",65785.0,1369.0,65086.42857142857,1043.0,331002651
,US,40.0,-100.0,2020-07-29,4416044,151635,", US",71832.0,1431.0,65074.57142857143,1073.142857142857,331002651
,US,40.0,-100.0,2020-07-30,4483643,152851,", US",67599.0,1216.0,64944.28571428572,1090.857142857143,331002651
,US,40.0,-100.0,2020-07-31,4551554,154093,", US",67911.0,1242.0,64187.57142857143,1106.857142857143,331002651
,US,40.0,-100.0,2020-08-01,4609393,155202,", US",57839.0,1109.0,63111.0,1138.4285714285713,331002651
,US,40.0,-100.0,2020-08-02,4655662,155613,", US",46269.0,411.0,61883.142857142855,1128.142857142857,331002651
,US,40.0,-100.0,2020-08-03,4700229,156152,", US",44567.0,539.0,60257.42857142857,1045.2857142857142,331002651
,US,40.0,-100.0,2020-08-04,4757512,157526,", US",57283.0,1374.0,59042.857142857145,1046.0,331002651
,US,40.0,-100.0,2020-08-05,4811945,158902,", US",54433.0,1376.0,56557.28571428572,1038.142857142857,331002651
,US,40.0,-100.0,2020-08-06,4871426,160150,", US",59481.0,1248.0,55397.57142857143,1042.7142857142858,331002651
,US,40.0,-100.0,2020-08-07,4929748,161388,", US",58322.0,1238.0,54027.71428571428,1042.142857142857,331002651
,US,40.0,-100.0,2020-08-08,4984197,162470,", US",54449.0,1082.0,53543.42857142857,1038.2857142857142,331002651
,US,40.0,-100.0,2020-08-09,5030566,162986,", US",46369.0,516.0,53557.71428571428,1053.2857142857142,331002651
,US,40.0,-100.0,2020-08-10,5079299,163513,", US",48733.0,527.0,54152.857142857145,1051.5714285714287,331002651
,US,40.0,-100.0,2020-08-11,5126209,164581,", US",46910.0,1068.0,52671.0,1007.8571428571429,331002651
,US,40.0,-100.0,2020-08-12,5183020,166087,", US",56811.0,1506.0,53010.71428571428,1026.4285714285713,331002651
,US,40.0,-100.0,2020-08-13,5234762,167151,", US",51742.0,1064.0,51905.142857142855,1000.1428571428571,331002651
,US,40.0,-100.0,2020-08-14,5299526,168494,", US",64764.0,1343.0,52825.42857142857,1015.1428571428571,331002651
,US,40.0,-100.0,2020-08-15,5346316,169524,", US",46790.0,1030.0,51731.28571428572,1007.7142857142857,331002651
,US,40.0,-100.0,2020-08-16,5387497,170099,", US",41181.0,575.0,50990.142857142855,1016.1428571428571,331002651
,US,40.0,-100.0,2020-08-17,5423981,170545,", US",36484.0,446.0,49240.28571428572,1004.5714285714286,331002651
,US,40.0,-100.0,2020-08-18,5469015,171876,", US",45034.0,1331.0,48972.28571428572,1042.142857142857,331002651
,US,40.0,-100.0,2020-08-19,5516408,173207,", US",47393.0,1331.0,47626.857142857145,1017.1428571428571,331002651
,US,40.0,-100.0,2020-08-20,5560495,174285,", US",44087.0,1078.0,46533.28571428572,1019.1428571428571,331002651
,US,40.0,-100.0,2020-08-21,5608748,175397,", US",48253.0,1112.0,44174.57142857143,986.1428571428571,331002651
,US,40.0,-100.0,2020-08-22,5652401,176381,", US",43653.0,984.0,43726.42857142857,979.5714285714286,331002651
,US,40.0,-100.0,2020-08-23,5686911,176836,", US",34510.0,455.0,42773.42857142857,962.4285714285714,331002651
,US,40.0,-100.0,2020-08-24,5723343,177279,", US",36432.0,443.0,42766.0,962.0,331002651
,US,40.0,-100.0,2020-08-25,5763322,178509,", US",39979.0,1230.0,42043.857142857145,947.5714285714286,331002651
,US,40.0,-100.0,2020-08-26,5808842,179737,", US",45520.0,1228.0,41776.28571428572,932.8571428571429,331002651
,US,40.0,-100.0,2020-08-27,5853962,180842,", US",45120.0,1105.0,41923.857142857145,936.7142857142857,331002651
,US,40.0,-100.0,2020-08-28,5900891,181813,", US",46929.0,971.0,41734.71428571428,916.5714285714286,331002651
,US,40.0,-100.0,2020-08-29,5946305,182651,", US",45414.0,838.0,41986.28571428572,895.7142857142857,331002651
,US,40.0,-100.0,2020-08-30,5981092,183089,", US",34787.0,438.0,42025.857142857145,893.2857142857143,331002651
,US,40.0,-100.0,2020-08-31,6016230,183684,", US",35138.0,595.0,41841.0,915.0,331002651
,US,40.0,-100.0,2020-09-01,6057907,184749,", US",41677.0,1065.0,42083.57142857143,891.4285714285714,331002651
,US,40.0,-100.0,2020-09-02,6098858,185801,", US",40951.0,1052.0,41430.857142857145,866.2857142857143,331002651
,US,40.0,-100.0,2020-09-03,6142639,186868,", US",43781.0,1067.0,41239.57142857143,860.8571428571429,331002651
,US,40.0,-100.0,2020-09-04,6192768,187838,", US",50129.0,970.0,41696.71428571428,860.7142857142857,331002651
,US,40.0,-100.0,2020-09-05,6235960,188610,", US",43192.0,772.0,41379.28571428572,851.2857142857143,331002651
,US,40.0,-100.0,2020-09-06,6267471,189020,", US",31511.0,410.0,40911.28571428572,847.2857142857143,331002651
,US,40.0,-100.0,2020-09-07,6291016,189296,", US",23545.0,276.0,39255.142857142855,801.7142857142857,331002651
,US,40.0,-100.0,2020-09-08,6317861,189741,", US",26845.0,445.0,37136.28571428572,713.1428571428571,331002651
,US,40.0,-100.0,2020-09-09,6351756,190923,", US",33895.0,1182.0,36128.28571428572,731.7142857142857,331002651
,US,40.0,-100.0,2020-09-10,6387822,191831,", US",36066.0,908.0,35026.142857142855,709.0,331002651
,US,40.0,-100.0,2020-09-11,6435261,193043,", US",47439.0,1212.0,34641.857142857145,743.5714285714286,331002651
,US,40.0,-100.0,2020-09-12,6476264,193755,", US",41003.0,712.0,34329.142857142855,735.0,331002651
,US,40.0,-100.0,2020-09-13,6510569,194141,", US",34305.0,386.0,34728.28571428572,731.5714285714286,331002651
,US,40.0,-100.0,2020-09-14,6544411,194563,", US",33842.0,422.0,36199.28571428572,752.4285714285714,331002651
,US,40.0,-100.0,2020-09-15,6583796,195851,", US",39385.0,1288.0,37990.71428571428,872.8571428571429,331002651
,US,40.0,-100.0,2020-09-16,6622256,196839,", US",38460.0,988.0,38642.857142857145,845.1428571428571,331002651
,US,40.0,-100.0,2020-09-17,6667178,197705,", US",44922.0,866.0,39908.0,839.1428571428571,331002651
,US,40.0,-100.0,2020-09-18,6715928,198634,", US",48750.0,929.0,40095.28571428572,798.7142857142857,331002651
,US,40.0,-100.0,2020-09-19,6758440,199352,", US",42512.0,718.0,40310.857142857145,799.5714285714286,331002651
,US,40.0,-100.0,2020-09-20,6796884,199593,", US",38444.0,241.0,40902.142857142855,778.8571428571429,331002651
,US,40.0,-100.0,2020-09-21,6848379,200015,", US",51495.0,422.0,43424.0,778.8571428571429,331002651
,US,40.0,-100.0,2020-09-22,6887861,201038,", US",39482.0,1023.0,43437.857142857145,741.0,331002651
,US,40.0,-100.0,2020-09-23,6926442,202140,", US",38581.0,1102.0,43455.142857142855,757.2857142857143,331002651
,US,40.0,-100.0,2020-09-24,6972152,203057,", US",45710.0,917.0,43567.71428571428,764.5714285714286,331002651
,US,40.0,-100.0,2020-09-25,7020206,203996,", US",48054.0,939.0,43468.28571428572,766.0,331002651
,US,40.0,-100.0,2020-09-26,7064600,204745,", US",44394.0,749.0,43737.142857142855,770.4285714285714,331002651
,US,40.0,-100.0,2020-09-27,7101880,205027,", US",37280.0,282.0,43570.857142857145,776.2857142857143,331002651
,US,40.0,-100.0,2020-09-28,7134164,205352,", US",32284.0,325.0,40826.42857142857,762.4285714285714,331002651
,US,40.0,-100.0,2020-09-29,7176856,206257,", US",42692.0,905.0,41285.0,745.5714285714286,331002651
,US,40.0,-100.0,2020-09-30,7218052,207199,", US",41196.0,942.0,41658.57142857143,722.7142857142857,331002651
,US,40.0,-100.0,2020-10-01,7263409,208050,", US",45357.0,851.0,41608.142857142855,713.2857142857143,331002651
,US,40.0,-100.0,2020-10-02,7317878,208979,", US",54469.0,929.0,42524.57142857143,711.8571428571429,331002651
,US,40.0,-100.0,2020-10-03,7366505,209659,", US",48627.0,680.0,43129.28571428572,702.0,331002651
,US,40.0,-100.0,2020-10-04,7402597,210008,", US",36092.0,349.0,42959.57142857143,711.5714285714286,331002651
,US,40.0,-100.0,2020-10-05,7441432,210469,", US",38835.0,461.0,43895.42857142857,731.0,331002651
,US,40.0,-100.0,2020-10-06,7485381,211170,", US",43949.0,701.0,44075.0,701.8571428571429,331002651
,US,40.0,-100.0,2020-10-07,7536022,212100,", US",50641.0,930.0,45424.28571428572,700.1428571428571,331002651
,US,40.0,-100.0,2020-10-08,7594351,213065,", US",58329.0,965.0,47277.42857142857,716.4285714285714,331002651
,US,40.0,-100.0,2020-10-09,7650345,214029,", US",55994.0,964.0,47495.28571428572,721.4285714285714,331002651
,US,40.0,-100.0,2020-10-10,7704419,214656,", US",54074.0,627.0,48273.42857142857,713.8571428571429,331002651
,US,40.0,-100.0,2020-10-11,7750367,215080,", US",45948.0,424.0,49681.42857142857,724.5714285714286,331002651
,US,40.0,-100.0,2020-10-12,7790890,215415,", US",40523.0,335.0,49922.57142857143,706.5714285714286,331002651
,US,40.0,-100.0,2020-10-13,7843769,216212,", US",52879.0,797.0,51198.28571428572,720.2857142857143,331002651
,US,40.0,-100.0,2020-10-14,7903242,217213,", US",59473.0,1001.0,52460.0,730.4285714285714,331002651
,US,40.0,-100.0,2020-10-15,7967600,218032,", US",64358.0,819.0,53321.28571428572,709.5714285714286,331002651
,US,40.0,-100.0,2020-10-16,8036049,218936,", US",68449.0,904.0,55100.57142857143,701.0,331002651
,US,40.0,-100.0,2020-10-17,8093003,219681,", US",56954.0,745.0,55512.0,717.8571428571429,331002651
,US,40.0,-100.0,2020-10-18,8142357,220112,", US",49354.0,431.0,55998.57142857143,718.8571428571429,331002651
,US,40.0,-100.0,2020-10-19,8209226,220576,", US",66869.0,464.0,59762.28571428572,737.2857142857143,331002651
,US,40.0,-100.0,2020-10-20,8270314,221511,", US",61088.0,935.0,60935.0,757.0,331002651
,US,40.0,-100.0,2020-10-21,8333340,222666,", US",63026.0,1155.0,61442.57142857143,779.0,331002651
,US,40.0,-100.0,2020-10-22,8408675,223515,", US",75335.0,849.0,63010.71428571428,783.2857142857143,331002651
,US,40.0,-100.0,2020-10-23,8489662,224466,", US",80987.0,951.0,64801.857142857145,790.0,331002651
,US,40.0,-100.0,2020-10-24,8572483,225404,", US",82821.0,938.0,68497.14285714286,817.5714285714286,331002651
,US,40.0,-100.0,2020-10-25,8634285,225782,", US",61802.0,378.0,70275.42857142857,810.0,331002651
,US,40.0,-100.0,2020-10-26,8700789,226272,", US",66504.0,490.0,70223.28571428571,813.7142857142857,331002651
,US,40.0,-100.0,2020-10-27,8776790,227240,", US",76001.0,968.0,72353.71428571429,818.4285714285714,331002651
,US,40.0,-100.0,2020-10-28,8855474,228248,", US",78684.0,1008.0,74590.57142857143,797.4285714285714,331002651
,US,40.0,-100.0,2020-10-29,8945642,229214,", US",90168.0,966.0,76709.57142857143,814.1428571428571,331002651
,US,40.0,-100.0,2020-10-30,9044161,230242,", US",98519.0,1028.0,79214.14285714286,825.1428571428571,331002651
,US,40.0,-100.0,2020-10-31,9133098,231127,", US",88937.0,885.0,80087.85714285714,817.5714285714286,331002651
,US,40.0,-100.0,2020-11-01,9208669,231535,", US",75571.0,408.0,82054.85714285714,821.8571428571429,331002651
,US,40.0,-100.0,2020-11-02,9292156,232067,", US",83487.0,532.0,84481.0,827.8571428571429,331002651
,US,40.0,-100.0,2020-11-03,9416709,233638,", US",124553.0,1571.0,91417.0,914.0,331002651
,US,40.0,-100.0,2020-11-04,9519582,234728,", US",102873.0,1090.0,94872.57142857143,925.7142857142857,331002651
,US,40.0,-100.0,2020-11-05,9645772,235878,", US",126190.0,1150.0,100018.57142857143,952.0,331002651
,US,40.0,-100.0,2020-11-06,9771480,237073,", US",125708.0,1195.0,103902.71428571429,975.8571428571429,331002651
,US,40.0,-100.0,2020-11-07,9899516,238082,", US",128036.0,1009.0,109488.28571428571,993.5714285714286,331002651
,US,40.0,-100.0,2020-11-08,10009542,238555,", US",110026.0,473.0,114410.42857142857,1002.8571428571429,331002651
,US,40.0,-100.0,2020-11-09,10130752,239242,", US",121210.0,687.0,119799.42857142857,1025.0,331002651
,US,40.0,-100.0,2020-11-10,10268446,240623,", US",137694.0,1381.0,121676.71428571429,997.8571428571429,331002651
,US,40.0,-100.0,2020-11-11,10412095,242036,", US",143649.0,1413.0,127501.85714285714,1044.0,331002651
,US,40.0,-100.0,2020-11-12,10573242,243245,", US",161147.0,1209.0,132495.7142857143,1052.4285714285713,331002651
,US,40.0,-100.0,2020-11-13,10750810,244404,", US",177568.0,1159.0,139904.2857142857,1047.2857142857142,331002651
,US,40.0,-100.0,2020-11-14,10917560,245664,", US",166750.0,1260.0,145434.85714285713,1083.142857142857,331002651
,US,40.0,-100.0,2020-11-15,11053501,246292,", US",135941.0,628.0,149137.0,1105.2857142857142,331002651
,US,40.0,-100.0,2020-11-16,11211321,247030,", US",157820.0,738.0,154367.0,1112.5714285714287,331002651
,US,40.0,-100.0,2020-11-17,11371895,248724,", US",160574.0,1694.0,157635.57142857142,1157.2857142857142,331002651
,US,40.0,-100.0,2020-11-18,11542408,250621,", US",170513.0,1897.0,161473.2857142857,1226.4285714285713,331002651
,US,40.0,-100.0,2020-11-19,11730441,252609,", US",188033.0,1988.0,165314.14285714287,1337.7142857142858,331002651
,US,40.0,-100.0,2020-11-20,11925959,254517,", US",195518.0,1908.0,167878.42857142858,1444.7142857142858,331002651
,US,40.0,-100.0,2020-11-21,12104056,255947,", US",178097.0,1430.0,169499.42857142858,1469.0,331002651
,US,40.0,-100.0,2020-11-22,12246863,256869,", US",142807.0,922.0,170480.2857142857,1511.0,331002651
,US,40.0,-100.0,2020-11-23,12418378,257782,", US",171515.0,913.0,172436.7142857143,1536.0,331002651
,US,40.0,-100.0,2020-11-24,12591366,259929,", US",172988.0,2147.0,174210.14285714287,1600.7142857142858,331002651
,US,40.0,-100.0,2020-11-25,12772653,262222,", US",181287.0,2293.0,175749.2857142857,1657.2857142857142,331002651
,US,40.0,-100.0,2020-11-26,12883307,263456,", US",110654.0,1234.0,164695.14285714287,1549.5714285714287,331002651
,US,40.0,-100.0,2020-11-27,13088821,264858,", US",205514.0,1402.0,166123.14285714287,1477.2857142857142,331002651
,US,40.0,-100.0,2020-11-28,13244701,266047,", US",155880.0,1189.0,162949.2857142857,1442.857142857143,331002651
,US,40.0,-100.0,2020-11-29,13383334,266873,", US",138633.0,826.0,162353.0,1429.142857142857,331002651
,US,40.0,-100.0,2020-11-30,13541185,268045,", US",157851.0,1172.0,160401.0,1466.142857142857,331002651
,US,40.0,-100.0,2020-12-01,13721822,270642,", US",180637.0,2597.0,161493.7142857143,1530.4285714285713,331002651
,US,40.0,-100.0,2020-12-02,13921929,273446,", US",200107.0,2804.0,164182.2857142857,1603.4285714285713,331002651
,US,40.0,-100.0,2020-12-03,14139609,276325,", US",217680.0,2879.0,179471.7142857143,1838.4285714285713,331002651
,US,40.0,-100.0,2020-12-04,14367437,278932,", US",227828.0,2607.0,182659.42857142858,2010.5714285714287,331002651
,US,40.0,-100.0,2020-12-05,14581318,281186,", US",213881.0,2254.0,190945.2857142857,2162.714285714286,331002651
,US,40.0,-100.0,2020-12-06,14756982,282299,", US",175664.0,1113.0,196235.42857142858,2203.714285714286,331002651
,US,40.0,-100.0,2020-12-07,14949417,283703,", US",192435.0,1404.0,201176.0,2236.8571428571427,331002651
,US,40.0,-100.0,2020-12-08,15165295,286249,", US",215878.0,2546.0,206210.42857142858,2229.5714285714284,331002651
,US,40.0,-100.0,2020-12-09,15386562,289373,", US",221267.0,3124.0,209233.2857142857,2275.285714285714,331002651
,US,40.0,-100.0,2020-12-10,15611014,292141,", US",224452.0,2768.0,210200.7142857143,2259.4285714285716,331002651
